"formulacao","tempo"
"F1",130.767396305538
"F2",99.1887908819557
"F1",127.962170503722
"F2",105.373154345782
"F1",124.369815006631
"F2",108.186800849529
"F1",104.698208627489
"F2",121.52813444179
"F1",135.370274445352
"F2",104.049935310677
"F1",130.97531085474
"F2",114.235311134985
"F1",109.996371491233
"F2",122.673004190274
"F1",123.840935289183
"F2",113.897689202302
"F1",119.169441584536
"F2",118.22717487163
"F1",115.073295504942
"F2",117.534126690966
